TenKhachHang,SoDienThoai,DiaChi
Nguyễn Văn Cường,0912345678,123 Nguyễn Huệ
Lê Thị Bống,0987654321,456 Lê Lợi
Trần Văn Tài,0909123456,789 Hai Bà Trưng
Phạm Thị Hoa,0934567890,321 Cách Mạng Tháng 8
Đặng Minh Nhật,0945123456,12 Pasteur
Ngô Thị Bích,0978945612,45 Điện Biên Phủ
Lý Minh Tuấn,0963344556,78 Trường Chinh
Vũ Thị Lan,0988112233,87 Nguyễn Trãi
Hoàng Quốc Việt,0911888777,66 Hoàng Văn Thụ
Nguyễn Thị Kim Ngân,0909777333,55 Lý Thường Kiệt
Trần Thị Thu Hà,0967888999,101 Lê Duẩn
Lê Quang Dũng,0933667788,22 Phan Đăng Lưu
Phan Thị Yến,0944332211,33 Tôn Đức Thắng
Đỗ Văn Hòa,0977111222,44 Võ Thị Sáu
Nguyễn Hữu Phúc,0911778899,100 Xô Viết Nghệ Tĩnh
Trịnh Thị Thanh,0988555777,120 Lạc Long Quân
Bùi Văn Hưng,0922333444,130 Lê Lai
Lâm Thị Mai,0939333444,78 Nguyễn Hữu Cảnh
Trương Quốc Anh,0944778899,87 Nguyễn Văn Linh
Võ Thị Tuyết,0966998877,21 Trần Não
Đào Thị Hạnh,0977888990,16 Huỳnh Thúc Kháng
Đinh Văn Long,0955443322,65 Bạch Đằng
Tô Thị Hường,0909223344,23 Hùng Vương
Lê Văn Đạt,0932112334,35 An Dương Vương
Phạm Quốc Khánh,0945777123,67 Cộng Hòa
Trần Thị Duyên,0968555444,43 Lũy Bán Bích
Nguyễn Đức Lâm,0927888999,71 Tân Sơn Nhì
Đoàn Thị Thảo,0908555333,92 Kha Vạn Cân
Mai Văn Sơn,0911777333,102 Nguyễn Xí
Phan Thị Ngọc,0988223344,33 Dương Bá Trạc
Nguyễn Nhật Minh,0977111888,12 Võ Văn Kiệt
Bùi Thị Thanh Hằng,0966332211,144 Lê Văn Sỹ
Lê Đình Thắng,0939666112,88 Nguyễn Duy Trinh
Trần Nhật Quang,0909227888,66 Tạ Quang Bửu
Lý Thị Xuân,0944667888,111 Phạm Văn Đồng
Nguyễn Tuấn Kiệt,0912993344,82 Trần Bình Trọng
Phạm Thị Hương Giang,0977993311,35 Phạm Ngọc Thạch
Đinh Văn Hào,0922333555,25 Lê Quý Đôn
Hồ Thị Thuý,0968884321,45 Trần Hưng Đạo
Ngô Minh Khoa,0937445566,120 Võ Văn Tần
Vũ Thị Hồng Nhung,0909333444,14 Phan Văn Trị
Trần Văn Bình,0977332211,88 Trường Sa
Nguyễn Thị Hậu,0948332211,31 Hoàng Sa
Lê Minh Khánh,0911223344,70 Nguyễn Tất Thành
Hoàng Thị Hồng,0955667788,99 Nguyễn Cư Trinh
Tạ Văn Cường,0968779988,104 Cách Mạng Tháng 8
Phạm Thị Liên,0977445566,88 Trần Quốc Toản
Nguyễn Trung Hiếu,0908445566,68 Phan Xích Long
Đoàn Văn Phúc,0918555432,91 Trịnh Đình Trọng
Nguyễn Thị Thu,0928991122,15 Nguyễn Kiệm
